victim,probe,tau_us,contrast,zeta_hz,gamma,bits,nstar,detected,gate_error,t1_victim_us,t2_victim_us,t1_probe_us,t2_probe_us,readout_error_victim,readout_error_probe,sx_error_victim,sx_error_probe
0,1,99.364,0.4279500180656208,211.0359063344456,0.1114681094213057,0.15246655471688658,741.2665614570814,1,0.0017836354140109,298.08734260342874,395.1067886076953,333.64334456138465,508.8763901497216,0.01904296875,0.00732421875,0.0004231411526005,0.0002382159789247
1,2,92.588,0.2674052119181591,1056.2549840778902,0.2519322110132712,0.3241564460702808,145.11365594935864,1,0.0016219319326452,333.64334456138465,508.8763901497216,279.64321551860155,92.5860538406291,0.00732421875,0.007568359375,0.0002382159789247,0.0004050285551392
2,3,93.216,0.5669054838185026,916.2978771724491,0.4981958936086885,0.5832262728358022,37.10867031991213,1,0.0012390763732066,279.64321551860155,92.5860538406291,264.8563032385212,359.645532912216,0.007568359375,0.002197265625,0.0004050285551392,0.0005221099859294
3,4,54.720000000000006,0.4648289888632745,939.6140090080114,0.2798660267269586,0.3559928003092977,117.59133360996961,1,0.0019893529769745,264.8563032385212,359.645532912216,287.5290011283861,54.71846025044048,0.002197265625,0.007080078125,0.0005221099859294,0.0003254784463512
3,16,88.284,1.149214923013265,14.8504084678518,0.018932670439191,0.027058723503024205,25695.19569496465,0,0.0011038996790617,264.8563032385212,359.645532912216,198.74429349566404,200.10747042969737,0.002197265625,0.013916015625,0.0005221099859294,0.0001927389907086
4,5,54.836,0.3649774594273242,1061.2638752556147,0.2437473162595358,0.31469341263257916,155.02294917172856,1,0.0027323168110058,287.5290011283861,54.71846025044048,127.30831340296707,54.83611281738725,0.007080078125,0.0048828125,0.0003254784463512,0.0004650120425326
5,6,42.43600000000001,0.6277599895072503,1406.0633409442805,0.4278166448847577,0.5138107255158461,50.322281759753544,1,0.0024804497776211,127.30831340296707,54.83611281738725,326.78256111131446,116.3575517420107,0.0048828125,0.009765625,0.0004650120425326,0.0001897231860622
6,7,70.724,0.3246386473413473,1230.0315781640857,0.2883098276480775,0.36547959116900774,110.80434403830454,1,0.0103692611147381,326.78256111131446,116.3575517420107,367.15343705584576,70.72522773488446,0.009765625,0.010986328125,0.0001897231860622,0.0002941578887275
7,8,101.292,0.1985777435805584,948.770584224458,0.1856282697472507,0.24565175233291445,267.2929147149594,1,0.0076320628204066,367.15343705584576,70.72522773488446,267.83694620062795,101.29085194984182,0.010986328125,0.02001953125,0.0002941578887275,0.0003526111253516
7,17,107.864,0.4747466827431317,751.8349732158694,0.4043070651521757,0.48985842918627887,56.344693252562216,1,0.0069385192310233,367.15343705584576,70.72522773488446,229.76788911148523,107.86373013656106,0.010986328125,0.00439453125,0.0002941578887275,0.0005203973180867
8,9,44.436,0.2179739315377938,1744.6973960246871,0.1803241387357984,0.23918310461292597,283.24871405422897,1,0.0026735478696544,267.83694620062795,101.29085194984182,140.6149062247604,44.43468990059465,0.02001953125,0.0048828125,0.0003526111253516,0.0006042935952399
9,10,24.480000000000004,0.1704525676646817,677.1724132343599,0.0352515714476754,0.04998139263104425,7411.7150900181605,0,0.0031013802120826,140.6149062247604,44.43468990059465,259.5575431673766,24.480457057974743,0.0048828125,0.0048828125,0.0006042935952399,0.000341322261097
10,11,86.52000000000001,0.3875590227991323,1230.7673116215644,0.3771173798403504,0.4616515341252401,64.76234777540613,1,0.0011069442434695,259.5575431673766,24.480457057974743,373.4994631898776,114.66530242351853,0.0048828125,0.016845703125,0.000341322261097,0.0004090084960491
11,12,124.5,0.3967754306323947,606.9837632960651,0.3226588108424533,0.4034409562594596,88.4684915407882,1,0.0009348124632634,373.4994631898776,114.66530242351853,209.81119480634845,198.7749706898711,0.016845703125,0.050537109375,0.0004090084960491,0.0003923601482525
11,18,118.808,0.1953562848374356,186.2291211098522,0.0536192252751781,0.07535357564642328,3203.572895531226,0,0.0019501423823023,373.4994631898776,114.66530242351853,135.92267982979612,118.80690197275504,0.016845703125,0.009521484375,0.0004090084960491,0.0006565825271109
12,13,69.936,0.6429609491394643,1312.827623529667,0.5878569439177829,0.6670809404423516,26.652157736308553,1,0.0019604931186321,209.81119480634845,198.7749706898711,315.70160189215096,162.39000228875372,0.050537109375,0.0107421875,0.0003923601482525,0.0006655648106866
13,14,105.232,0.2430096362507768,931.523990801531,0.2291823345586887,0.2976989382103601,175.35308140143383,1,0.0013450973042335,315.70160189215096,162.39000228875372,290.89443388072795,445.72614327023206,0.0107421875,0.022216796875,0.0006655648106866,0.0003379433493857
14,15,96.964,0.5382388774030104,1148.0199554459,0.5303014078845496,0.6138158338555368,32.751418898462376,1,0.001627802610589,290.89443388072795,445.72614327023206,264.646527775524,293.6530385130976,0.022216796875,0.004638671875,0.0003379433493857,0.00021552415853
15,19,88.21600000000001,0.424637163950249,942.7879104371012,0.3673072759734918,0.45133749730185185,68.26791158077235,1,0.0013923911410102,264.646527775524,293.6530385130976,335.7048993791843,284.3506318075405,0.004638671875,0.01025390625,0.00021552415853,0.0005473919011707
16,23,66.248,0.2005658416899355,471.28131962095773,0.0766867282256867,0.10659854572318538,1566.1568751949023,0,0.0013041625261203,198.74429349566404,200.10747042969737,227.981853923088,72.79180602821529,0.013916015625,0.005859375,0.0001927389907086,0.0001832914693681
17,27,62.4,0.251553278382421,1083.801228090136,0.1889627329803288,0.2497034957504588,257.94276857726555,1,0.0013832688416244,229.76788911148523,107.86373013656106,347.8053756726015,62.39844719080956,0.00439453125,0.04345703125,0.0005203973180867,0.0002568692106779
18,31,45.308,0.4416407561072635,1052.342730671521,0.2490624312811317,0.3208455882738946,148.47701693989157,1,0.00212991603124,135.92267982979612,118.80690197275504,163.12174846339911,202.82932989410148,0.009521484375,0.236328125,0.0006565825271109,0.0002074182505043
19,35,111.9,0.4774014235171048,937.85396080228,0.4623220965411537,0.5482611197048465,43.09098069871804,1,0.0012608100594095,335.7048993791843,284.3506318075405,296.6489336059894,338.58926134812697,0.01025390625,0.020263671875,0.0005473919011707,0.0004077509019455
20,21,82.544,0.709859362036555,1215.1491475490816,0.6759474470111368,0.7449769108957832,20.158110235797377,1,0.002025414311688,247.6273516098772,30.021480907839475,321.29684494504266,408.6065865068243,0.0048828125,0.00244140625,0.0005308799971302,0.0004565923016759
21,22,83.98,0.3091852913356653,834.1262736145345,0.2383549578163453,0.3084249029864664,162.11653043549987,1,0.0017048532371666,321.29684494504266,408.6065865068243,71.15528393509751,83.9815838884413,0.00244140625,0.010986328125,0.0004565923016759,0.0003310544526642
21,36,107.1,0.492701738180832,1160.791590797577,0.492683791137099,0.5779085785503211,37.94365219981719,1,0.0013992499628769,321.29684494504266,408.6065865068243,313.1273813057456,241.62927431021384,0.00244140625,0.005615234375,0.0004565923016759,0.0003567278556607
22,23,23.72,0.6263600599413404,846.2712052018449,0.1563300984273556,0.20955330387891902,376.86905388168606,1,0.0016053919273093,71.15528393509751,83.9815838884413,227.981853923088,72.79180602821529,0.010986328125,0.005859375,0.0003310544526642,0.0001832914693681
23,24,60.97200000000001,0.3906364624338897,1254.1342780415087,0.3202106451848028,0.40076813603691547,89.82643186361854,1,0.0018808609588751,227.981853923088,72.79180602821529,250.2487727673215,60.97222755306054,0.005859375,0.017333984375,0.0001832914693681,0.0004344250217896
24,25,25.312,0.3435398237593459,1206.8374533303504,0.1286599168544337,0.17461084467741314,556.402595502242,1,0.0022327282638359,250.2487727673215,60.97222755306054,333.02392345209194,25.313951968855548,0.017333984375,0.006103515625,0.0004344250217896,0.0002040443766029
25,26,111.008,0.3378569378993223,614.7447952409898,0.2555013491916901,0.32826357896474107,141.0877424736577,1,0.0020333692235676,333.02392345209194,25.313951968855548,160.30595840994457,116.883796916958,0.006103515625,0.007080078125,0.0002040443766029,0.0002881432993556
25,37,30.760000000000005,0.2987839375817999,555.8157986824139,0.0636998031427577,0.08909105156742163,2269.8622366799655,0,0.0020340980675912,333.02392345209194,25.313951968855548,175.36104495376972,30.7617375141248,0.006103515625,0.004150390625,0.0002040443766029,0.0003547579648199
26,27,53.436,0.2841123080751503,1341.1227843066283,0.2226515689339572,0.29001332341470887,185.79078105392378,1,0.0018201786885373,160.30595840994457,116.883796916958,347.8053756726015,62.39844719080956,0.007080078125,0.04345703125,0.0002881432993556,0.0002568692106779
27,28,115.936,0.4075818397376279,606.8161576020796,0.3151928034092316,0.39527430988480455,92.70925562643352,1,0.0014427459899507,347.8053756726015,62.39844719080956,225.8450341910739,272.43020859572783,0.04345703125,0.008544921875,0.0002568692106779,0.0002113606067285
28,29,75.28000000000002,0.0450355434626706,62.5724042758989,0.0026642445049641,0.003838581143233183,1297560.219788717,0,0.0031833238376993,225.8450341910739,272.43020859572783,192.41403215910677,82.11384539763868,0.008544921875,0.01513671875,0.0002113606067285,0.0001778454799144
29,30,64.14,0.3936983989988757,679.4476589826639,0.2049883060725869,0.26901914574739544,219.18836984857148,1,0.0015214870258977,192.41403215910677,82.11384539763868,274.57306727924,98.598165398421,0.01513671875,0.01220703125,0.0001778454799144,0.0005166488959003
29,38,64.14,0.4742768514967491,1207.580494342392,0.3921117198194795,0.4772749950673463,59.90402911493253,1,0.0051602929572,192.41403215910677,82.11384539763868,294.33835852755374,110.82162087608056,0.01513671875,0.0078125,0.0001778454799144,0.000352281732656
30,31,91.524,0.2532196098887155,851.9832534614029,0.2102822544553732,0.27534354305044645,208.29096453023803,1,0.0031766578036836,274.57306727924,98.598165398421,163.12174846339911,202.82932989410148,0.01220703125,0.236328125,0.0005166488959003,0.0002074182505043
31,32,54.372,0.7313125288809657,514.3368212582965,0.2517442223352361,0.3239397964022632,145.3304625921421,1,0.0022791390392376,163.12174846339911,202.82932989410148,97.37514371340096,152.6249928385485,0.236328125,0.037841796875,0.0002074182505043,0.0005769833677624
32,33,32.46,0.8242510930921226,1015.3943965222654,0.3317140064836449,0.41328428831840347,83.70435619561141,1,0.005773964376827,97.37514371340096,152.6249928385485,359.23378953094544,398.93337301796765,0.037841796875,0.01025390625,0.0005769833677624,0.0001319448358637
33,34,119.744,0.3801424097908599,889.4383414942913,0.3699214102751921,0.4540931309533884,67.30645914816614,1,0.0020757137492344,359.23378953094544,398.93337301796765,238.8798710602399,223.01803565075667,0.01025390625,0.01953125,0.0001319448358637,0.0003255163294581
33,39,119.744,0.3019783325799607,838.9816585748272,0.2877365560076654,0.3648374783781782,111.2463057197987,1,0.002247425410809,359.23378953094544,398.93337301796765,186.9115595955056,120.32529783414378,0.01025390625,0.011474609375,0.0001319448358637,0.0004507712200197
34,35,79.628,0.5692272465961662,934.5025884604896,0.4580321517586853,0.5440225335684006,43.90194394634466,1,0.0012958469063122,238.8798710602399,223.01803565075667,296.6489336059894,338.58926134812697,0.01953125,0.020263671875,0.0003255163294581,0.0004077509019455
36,41,42.43600000000001,0.5132207872235877,1261.5681738527421,0.3198087853595109,0.40032892625319094,90.05231880194643,1,0.0023323084249683,313.1273813057456,241.62927431021384,284.31483564546346,42.43411484617899,0.005615234375,0.005615234375,0.0003567278556607,0.0006753926432785
37,45,58.452000000000005,0.2816139624383105,987.728740968691,0.1868569188764216,0.24714602186311913,263.7893837076272,1,0.002637394780674,175.36104495376972,30.7617375141248,206.1975682164392,169.0274474436638,0.004150390625,0.0068359375,0.0003547579648199,0.0003624261306158
38,49,98.112,0.343046003208261,1094.2769236142508,0.3346537820451794,0.41646554587838763,82.24020894500053,1,0.0016264225469701,294.33835852755374,110.82162087608056,331.1707721950338,107.69027752209364,0.0078125,0.0078125,0.000352281732656,0.0005198358582517
39,53,40.116,0.4595943906706812,916.9749560799204,0.2049656599327954,0.2689920319734109,219.2368076667225,1,0.0012987488361186,186.9115595955056,120.32529783414378,329.88344894616074,40.11588949207457,0.011474609375,0.00390625,0.0004507712200197,0.0002290557870258
40,41,42.43600000000001,0.5367922752307073,1135.17636802236,0.305462276204466,0.38456076885789836,98.70985472067035,1,0.0025437324170454,248.069760969217,36.61444171744261,284.31483564546346,42.43411484617899,0.004638671875,0.005615234375,0.0004439578804752,0.0006753926432785
41,42,87.072,0.2716704992666806,988.6945912434788,0.2398331456103725,0.3101459785173444,160.12431054203756,1,0.0025964056288005,284.31483564546346,42.43411484617899,214.3520810019932,87.07301129839483,0.005615234375,0.004638671875,0.0006753926432785,0.0003778538715601
42,43,42.452,0.0539615099714943,255.88125767547797,0.0073431266385786,0.010555185609744486,170810.13813948145,0,0.0026232540763518,214.3520810019932,87.07301129839483,253.98616894622356,42.45324699782447,0.004638671875,0.0029296875,0.0003778538715601,0.0006129853963763
43,44,84.664,0.6155135107450931,605.9004980659859,0.3698633429543756,0.45403197765607656,67.32759458981707,1,0.0025691305764795,253.98616894622356,42.45324699782447,271.9086399454198,263.35595116350805,0.0029296875,0.004638671875,0.0006129853963763,0.0002543653423935
43,56,40.376,0.3324140993753451,653.0181482890832,0.1081340671122695,0.14813243577090304,787.6814252912378,1,0.0062061776818177,253.98616894622356,42.45324699782447,236.28664325302512,40.37681548264349,0.0029296875,0.0068359375,0.0006129853963763,0.0003174499224365
44,45,90.636,0.1656499504770187,1100.5884804811358,0.1573827814906092,0.21086608624959016,371.84440140698075,1,0.0016187880969308,271.9086399454198,263.35595116350805,206.1975682164392,169.0274474436638,0.004638671875,0.0068359375,0.0002543653423935,0.0003624261306158
45,46,68.732,0.2593945476278748,883.8151125891184,0.1793334853472379,0.23797173326794904,286.38673739134657,1,0.0015122126750011,206.1975682164392,169.0274474436638,136.5665489220658,92.38169785650024,0.0068359375,0.01025390625,0.0003624261306158,0.0005838921435056
46,47,45.524,0.4191947144586891,1161.6551495277156,0.2585193770079553,0.3317274293698303,137.81277529300652,1,0.0016730289724763,136.5665489220658,92.38169785650024,307.1835609357145,301.60650401600253,0.01025390625,0.017578125,0.0005838921435056,0.0003950522797444
47,48,20.0,0.1194780244161471,580.8495881885747,0.0173799261958139,0.024858533947093135,30491.572644483407,0,0.0023368153752204,307.1835609357145,301.60650401600253,129.88734613751438,18.58823543728246,0.017578125,0.0048828125,0.0003950522797444,0.0003484253207454
47,57,102.396,0.4405785626041077,856.6078985931384,0.3930928997214851,0.47829146863447297,59.605355316816315,1,0.0016863155253114,307.1835609357145,301.60650401600253,218.2821297943073,239.7372755814948,0.017578125,0.00927734375,0.0003950522797444,0.000379054312336
48,49,43.296,0.4747327488794653,833.9589411357772,0.2080875586999288,0.272725020825567,212.7078167198865,1,0.0019297157462463,129.88734613751438,18.58823543728246,331.1707721950338,107.69027752209364,0.0048828125,0.0078125,0.0003484253207454,0.0005198358582517
49,50,110.392,0.4260017583316507,1008.4628141558809,0.4197282708973265,0.5056148313200451,52.2804401934563,1,0.001743905834965,331.1707721950338,107.69027752209364,254.29827284624756,263.8605289206436,0.0078125,0.002197265625,0.0005198358582517,0.0001599972145615
50,51,84.768,0.6315428005274901,915.9874530837571,0.5229890685696447,0.6069055867516914,33.67367044079118,1,0.0014281270482505,254.29827284624756,263.8605289206436,356.98681114305543,283.8279560838782,0.002197265625,0.016845703125,0.0001599972145615,0.0002494902044434
51,52,49.428,0.2490082218503392,1497.8186584190653,0.1996607005157015,0.2626264267503089,231.04176786416082,1,0.0021951312712477,356.98681114305543,283.8279560838782,287.73765746823705,49.42601545271095,0.016845703125,0.015380859375,0.0002494902044434,0.0007247442709786
51,58,118.996,0.2670353944463526,1009.6654807249931,0.2665388067229248,0.3408912818739426,129.6447044106995,1,0.0019653299045123,356.98681114305543,283.8279560838782,237.9980630444963,156.7301505684366,0.016845703125,0.015625,0.0002494902044434,0.00028012905718
52,53,40.116,0.4422225305929809,1116.908924620315,0.2360433384991226,0.3057293283083309,165.30735729584498,1,0.0015020452743361,287.73765746823705,49.42601545271095,329.88344894616074,40.11588949207457,0.015380859375,0.00390625,0.0007247442709786,0.0002290557870258
53,54,109.96,0.4378963903926446,1102.825670904365,0.437414592698975,0.5234762375525441,48.13812218536676,1,0.0010395939245584,329.88344894616074,40.11588949207457,313.47507306573976,197.31865595794665,0.00390625,0.04736328125,0.0002290557870258,0.00035227605307
54,55,87.212,0.1414526638196511,1025.8242543030328,0.1275817709354354,0.17323205986238105,565.846231182841,1,0.0058875738298278,313.47507306573976,197.31865595794665,387.7404596049653,87.2115012579337,0.04736328125,0.0185546875,0.00035227605307,0.0001300690074843
55,59,129.24800000000002,0.3903560762749734,353.9561734252878,0.212252499781264,0.2776902287132609,204.4419677696005,1,0.0009170194501529,387.7404596049653,87.2115012579337,285.7873325599347,444.6729063000512,0.0185546875,0.006591796875,0.0001300690074843,0.0001880633705801
56,63,57.036,0.4833274948093441,1219.6309911451176,0.3707122869622571,0.45492578064838823,67.019582614855,1,0.0022120527216935,236.28664325302512,40.37681548264349,363.315499381214,57.036072104155735,0.0068359375,0.01025390625,0.0003174499224365,0.0003508676730171
57,67,72.76,0.46908637683453,1366.4846244295509,0.4450694019858915,0.5311387823428912,46.496493692262064,1,0.0018239499474953,218.2821297943073,239.7372755814948,268.2557570169282,245.6069605216415,0.00927734375,0.01025390625,0.000379054312336,0.0003418795494186
58,71,79.33200000000001,0.2962559306463702,956.9829078787336,0.2416718436178278,0.3122839399512515,157.69705020416612,1,0.0026150727675169,237.9980630444963,156.7301505684366,221.79753718648803,164.1589993459153,0.015625,0.00537109375,0.00028012905718,0.0002607985447231
59,75,95.264,0.256769629636722,980.867367121642,0.2368413025756953,0.3066604019515688,164.19532896904593,1,0.0025836835789152,285.7873325599347,444.6729063000512,270.41385205819324,157.48239598616237,0.006591796875,0.02294921875,0.0001880633705801,0.0002271861540765
60,61,41.772000000000006,0.5475847945565624,1161.041112348845,0.3134495383774124,0.39336077441055056,93.7433373749734,1,0.0049196042892123,151.64697700980287,33.62956158105293,193.2328993788184,41.771873093445926,0.0029296875,0.00830078125,0.0006692880402796,0.0004445335889998
61,62,64.412,0.5684728395028662,732.7340999218566,0.3177358100504306,0.39806115658643726,91.23119247623222,1,0.0014404678097831,193.2328993788184,41.771873093445926,211.94213447945785,98.5229086372261,0.00830078125,0.011962890625,0.0004445335889998,0.0002577543226613
61,76,45.472,0.2664063652950874,1427.020671485103,0.1939484256480504,0.25574051862213915,244.85172205921526,1,0.0027096986540037,193.2328993788184,41.771873093445926,110.8638760682806,45.47329726927988,0.00830078125,0.059814453125,0.0004445335889998,0.0008234926283366
62,63,57.036,0.4426849929007029,1095.970028874899,0.3130638971104927,0.3929371232387516,93.9744311921687,1,0.0017158630649841,211.94213447945785,98.5229086372261,363.315499381214,57.036072104155735,0.011962890625,0.01025390625,0.0002577543226613,0.0003508676730171
63,64,121.104,0.3398579910480586,730.2467293279251,0.304609124825713,0.38361762430897595,99.26356356251596,1,0.0019549061544856,363.315499381214,57.036072104155735,172.0301540913897,127.09259010827208,0.01025390625,0.00927734375,0.0003508676730171,0.0002346069232688
64,65,57.34400000000001,0.7367017664382173,982.1310057111974,0.4789373296489236,0.5645609191575052,40.153028140825086,1,0.0020060201117623,172.0301540913897,127.09259010827208,249.0348740587065,204.5261881515198,0.00927734375,0.015380859375,0.0002346069232688,0.0004782440805301
65,66,83.01200000000001,0.3952003004907783,802.2706582723595,0.2934630712861724,0.3712388652844763,106.94703857471893,1,0.001893957009469,249.0348740587065,204.5261881515198,117.23971822463348,158.06055863679094,0.015380859375,0.01220703125,0.0004782440805301,0.0005623726205318
65,77,83.01200000000001,0.5965938451654722,981.302862433201,0.50950037172668,0.5940711121269086,35.480249864644925,1,0.0047984081491903,249.0348740587065,204.5261881515198,77.79667215555797,141.242268961317,0.015380859375,0.00537109375,0.0004782440805301,0.0020017704873445
66,67,39.080000000000005,0.6959103253676273,1023.579249582492,0.3352686753818179,0.4171300622433932,81.93882329425307,1,0.0022225506330428,117.23971822463348,158.06055863679094,268.2557570169282,245.6069605216415,0.01220703125,0.01025390625,0.0005623726205318,0.0003418795494186
67,68,89.42,0.3163697605698362,1278.6564646568668,0.3135340877921383,0.39345364063184113,93.69278545133837,1,0.0017467044439335,268.2557570169282,245.6069605216415,242.37877282213955,144.0414049463141,0.01025390625,0.00830078125,0.0003418795494186,0.0001685115496623
68,69,80.792,0.547554075671222,1415.5897099809465,0.5426745889563894,0.6254337725955179,31.27495605163609,1,0.001544126818155,242.37877282213955,144.0414049463141,407.7929358743961,293.2686378372881,0.00830078125,0.018310546875,0.0001685115496623,0.000211052471568
69,70,52.452000000000005,0.7421154741303133,831.0770626863628,0.3864944213679959,0.47144181163096643,61.6579697831825,1,0.0025231513849047,407.7929358743961,293.2686378372881,298.781073060627,52.45240867833392,0.018310546875,0.02001953125,0.000211052471568,0.0002318053763106
69,78,33.284,0.234567327793408,1067.4143671251247,0.1012794634690868,0.13918061731333795,897.9101813852634,1,0.0021884214584365,407.7929358743961,293.2686378372881,170.72264093319816,33.28288258085012,0.018310546875,0.02685546875,0.000211052471568,0.0003524523336715
70,71,99.592,0.1820000293300885,937.8739278188178,0.1678423395007467,0.2238455213299327,326.94344258443647,1,0.0024552135262414,298.781073060627,52.45240867833392,221.79753718648803,164.1589993459153,0.02001953125,0.00537109375,0.0002318053763106,0.0002607985447231
71,72,73.93200000000002,0.5084992846470234,949.6775597260536,0.3926657646659704,0.477849057280548,59.7351012038644,1,0.002065347084663,221.79753718648803,164.1589993459153,105.5814184034776,103.14989595655842,0.00537109375,0.051513671875,0.0002607985447231,0.0002807464397633
72,73,35.19200000000001,0.6873774854894006,1360.4429780499333,0.3890504023959719,0.47409894918787715,60.85047074750815,1,0.0030413501884929,105.5814184034776,103.14989595655842,212.0525293539613,167.93892274036216,0.051513671875,0.013916015625,0.0002807464397633,0.0003350198712669
73,74,70.684,0.5687915068733898,1063.587721185331,0.4609113288231091,0.54686861527395,43.35517207995007,1,0.0010841289508394,212.0525293539613,167.93892274036216,314.3153010716654,212.69653415459203,0.013916015625,0.0068359375,0.0003350198712669,0.0003851399166279
73,79,70.684,0.2948274196790515,950.2790737800062,0.2203417117613944,0.2872851779814933,189.70651330440833,1,0.0012006266086002,212.0525293539613,167.93892274036216,400.9429768489129,80.07526326631293,0.013916015625,0.00830078125,0.0003350198712669,0.0001794063414833
74,75,104.772,0.2000581693510933,738.3825858739267,0.1652687171892817,0.22066268642698356,337.2052811927004,1,0.0013283419632843,314.3153010716654,212.69653415459203,270.41385205819324,157.48239598616237,0.0068359375,0.02294921875,0.0003851399166279,0.0002271861540765
76,81,36.956,0.6122260786938,1017.6521072291617,0.2786873051808811,0.3546635054861518,118.58815376959511,1,0.0053581947083547,110.8638760682806,45.47329726927988,281.25181907374804,278.8808232396443,0.059814453125,0.02734375,0.0008234926283366,0.0003197224712821
77,85,25.932,0.6185005784415056,1113.6100801224331,0.2195557361658673,0.28635569372459335,191.06718443282733,1,0.0049792079456572,77.79667215555797,141.242268961317,176.31596495225693,118.73853873911644,0.00537109375,0.01171875,0.0020017704873445,0.0006227187790606
78,89,56.908,0.6528939766974851,1086.7808898030448,0.4578591350057189,0.5438513266287445,43.93512972931853,1,0.0018719416647076,170.72264093319816,33.28288258085012,318.0259696001544,186.19835642667445,0.02685546875,0.0048828125,0.0003524523336715,0.0003494635893304
79,93,112.1,0.3705759404603651,988.8611966426907,0.3647340529495793,0.44861983915066045,69.23457886696389,1,0.0019557386575786,400.9429768489129,80.07526326631293,267.59069860017274,112.09875859952412,0.00830078125,0.0126953125,0.0001794063414833,0.0002568661905326
80,81,109.068,0.3725362478609147,1100.0295510703843,0.3717946583929543,0.45606454310744876,66.62993477959678,1,0.0011316775912922,327.205179284543,347.50712471818946,281.25181907374804,278.8808232396443,0.049560546875,0.02734375,0.0001912362877561,0.0003197224712821
81,82,93.752,0.5287244870437491,1045.0193436901304,0.4985216865827666,0.5835399626629768,37.06018378879723,1,0.001591272625955,281.25181907374804,278.8808232396443,243.89242693140773,288.0090835335595,0.02734375,0.009765625,0.0003197224712821,0.0001957052613028
82,83,81.296,0.569640622483713,1097.3316499678588,0.5129889480855221,0.5974014491538276,34.999324518809736,1,0.0011502931601706,243.89242693140773,288.0090835335595,267.135460491272,198.34303453613947,0.009765625,0.043212890625,0.0001957052613028,0.0001836108992884
83,84,64.124,0.3220549870855428,993.3952649094205,0.231136636801989,0.2999908871654469,172.40033310818964,1,0.0021693503377635,267.135460491272,198.34303453613947,270.0468904964507,64.12426579111437,0.043212890625,0.01025390625,0.0001836108992884,0.0005917861732693
83,96,89.04400000000001,0.4998888158770728,932.761934677266,0.4320454092804142,0.5180772403011809,49.34201605586535,1,0.0012868517861047,267.135460491272,198.34303453613947,213.63128461717,158.0519611332466,0.043212890625,0.01318359375,0.0001836108992884,0.0002238328357645
84,85,90.016,0.2234251227832133,1045.9729775965695,0.2068496312840973,0.271245933164289,215.26140861011743,1,0.0383503652507749,270.0468904964507,64.12426579111437,176.31596495225693,118.73853873911644,0.01025390625,0.01171875,0.0005917861732693,0.0006227187790606
85,86,23.488000000000003,0.2833105263835997,1430.246826369324,0.1160787652136201,0.15843884631873845,683.5497372868442,1,0.0406950967816631,176.31596495225693,118.73853873911644,162.75430442868557,23.487985914056463,0.01171875,0.02880859375,0.0006227187790606,0.0003894742009052
86,87,54.252,0.365284544765497,1341.24643098454,0.2893762148508296,0.3666732754202945,109.98919330577594,1,0.0507413435228532,162.75430442868557,23.487985914056463,103.51026163589708,56.1720747644185,0.02880859375,0.01025390625,0.0003894742009052,0.0003971477483052
87,88,20.0,0.209275378168285,1315.99015722149,0.0679615874878653,0.09485975700919012,1994.1078831988505,0,0.002078495935204,103.51026163589708,56.1720747644185,239.5148027775792,19.59147164928083,0.01025390625,0.007568359375,0.0003971477483052,0.0003508562511074
87,97,34.504,0.5564443036875593,1493.5021984365687,0.3356740797926372,0.4175680161728826,81.74102249319736,1,0.0016085264827902,103.51026163589708,56.1720747644185,263.2332240257563,81.59963370114049,0.01025390625,0.01123046875,0.0003971477483052,0.0002461057475826
88,89,79.84,0.5385878234428543,850.8069559325249,0.4059123882739705,0.4915066933145006,55.89990476872721,1,0.0018382639732098,239.5148027775792,19.59147164928083,318.0259696001544,186.19835642667445,0.007568359375,0.0048828125,0.0003508562511074,0.0003494635893304
89,90,106.008,0.3654730549875497,918.509028969744,0.3436627818529629,0.42617111133692553,77.98492835455886,1,0.0013476661482273,318.0259696001544,186.19835642667445,186.0097638085796,142.48754304001767,0.0048828125,0.004150390625,0.0003494635893304,0.0002816499660678
90,91,62.004,0.5000154710478295,819.3721202875553,0.2979754328887522,0.3762630773393767,103.73248007033921,1,0.0018884518578555,186.0097638085796,142.48754304001767,143.20712042665411,71.16229555495718,0.004150390625,0.005615234375,0.0002816499660678,0.0004513127679155
91,92,47.736,0.5554599528868225,1341.2250050810692,0.4002224712475836,0.4856560647894666,57.50064833308221,1,0.0017033010546128,143.20712042665411,71.16229555495718,159.95765112627413,322.69954411682335,0.005615234375,0.12939453125,0.0004513127679155,0.0002087674429413
91,98,47.736,0.3639926304011436,1387.523283924131,0.269173506490091,0.3438893109771594,127.11917215588764,1,0.0018822476447126,143.20712042665411,71.16229555495718,120.78123519259596,56.85191766402842,0.005615234375,0.004150390625,0.0004513127679155,0.0002872984560543
92,93,53.32000000000001,0.5588277977075762,921.61711604013,0.3235693350427863,0.40443377224345817,87.97129136673354,1,0.0022994249474808,159.95765112627413,322.69954411682335,267.59069860017274,112.09875859952412,0.12939453125,0.0126953125,0.0002087674429413,0.0002568661905326
93,94,89.196,0.4953678677421121,900.4488766925804,0.419305096401091,0.5051847470817242,52.38601922450865,1,0.0020314191694071,267.59069860017274,112.09875859952412,266.92847722452063,241.4327589308151,0.0126953125,0.009521484375,0.0002568661905326,0.0001364070732986
94,95,88.97600000000001,0.588539118466857,1134.294032240094,0.5618100039257977,0.6432189585592452,29.180769731306526,1,0.0014948162270257,266.92847722452063,241.4327589308151,252.2334673966972,274.784658299271,0.009521484375,0.00830078125,0.0001364070732986,0.0003132899110015
95,99,84.076,0.0947231142259025,1329.4747977818406,0.0934184125020547,0.12884557496305318,1055.3845065840455,0,0.0021597259857078,252.2334673966972,274.784658299271,101.56558483551488,92.67158870652118,0.00830078125,0.027099609375,0.0003132899110015,0.0003757307961128
96,103,71.212,0.4778445488575389,1359.6576012058358,0.4482033965842188,0.5342642396006856,45.84852761495986,1,0.0010581244635615,213.63128461717,158.0519611332466,366.24561493234575,131.80330456655076,0.01318359375,0.011962890625,0.0002238328357645,0.0001486145012064
97,107,87.744,0.3097734712214191,937.3439591122028,0.2661309862429402,0.3404266649777597,130.0423452627383,1,0.0014436518044066,263.2332240257563,81.59963370114049,257.1519000659173,273.2366036597039,0.01123046875,0.0107421875,0.0002461057475826,0.0002826251304111
98,111,40.260000000000005,0.7146605556085674,895.0844880608716,0.3126809663126859,0.39251632655388574,94.20474734878616,1,0.0022419598168853,120.78123519259596,56.85191766402842,261.7351337088978,217.51361108623928,0.004150390625,0.0146484375,0.0002872984560543,0.000403585983897
99,115,20.0,0.0889164308468901,1683.6935176864608,0.0365128436871752,0.05173799334939407,6908.5095805034725,0,0.0045034308187578,101.56558483551488,92.67158870652118,261.08557394893734,15.883335666622528,0.027099609375,0.010498046875,0.0003757307961128,0.0001304511849251
100,101,58.096,0.6782005941179075,967.6606747965712,0.4402435463654127,0.5263127932120568,47.52144998964943,1,0.0016283503247652,174.2916140768027,168.88866344751747,254.2782956587273,188.19965122162088,0.010009765625,0.024169921875,0.0004074297912562,0.0001583078234856
101,102,84.76,0.4686489241914092,798.0840617405712,0.3521052317817255,0.4352074382041633,74.29006251336301,1,0.001444853606198,254.2782956587273,188.19965122162088,208.00552559496683,217.1283313790267,0.024169921875,0.015869140625,0.0001583078234856,0.0002917358962612
101,116,84.76,0.0554451435883638,617.131433709477,0.0338769511569272,0.04806449075988173,8025.406587252036,0,0.0012032323867691,254.2782956587273,188.19965122162088,224.5852445908724,116.56155754560652,0.024169921875,0.0537109375,0.0001583078234856,0.0002781170050685
102,103,69.336,0.4273788553365518,1211.014624531024,0.3718105407231882,0.45608124620968354,66.62424254707634,1,0.0099666417129578,208.00552559496683,217.1283313790267,366.24561493234575,131.80330456655076,0.015869140625,0.011962890625,0.0002917358962612,0.0001486145012064
103,104,122.08,0.4085104050744443,877.456260623903,0.3982419101738696,0.48361398332846234,58.074002011837976,1,0.0019922368847199,366.24561493234575,131.80330456655076,237.48528751676483,380.05809759878736,0.011962890625,0.014892578125,0.0001486145012064,0.000486847367389
104,105,79.16000000000001,0.5696919490395285,1008.5431188376166,0.4803777543151434,0.5659653614881669,39.91258945198934,1,0.0017731749779905,237.48528751676483,380.05809759878736,200.63660555329,231.01640704574947,0.014892578125,0.00634765625,0.000486847367389,0.0003070153081488
105,106,66.88000000000001,0.6116923717349126,1171.5701939763017,0.5095820767795549,0.5941491990799067,35.46887315647159,1,0.0019166198604902,200.63660555329,231.01640704574947,107.3891262563841,143.55466907942628,0.00634765625,0.010009765625,0.0003070153081488,0.0003998757485399
105,117,66.88000000000001,0.5890910608089359,1442.6261991264273,0.5516686252597416,0.6338204881052757,30.263496958646396,1,0.0011341166551675,200.63660555329,231.01640704574947,243.98249565372367,203.93409450160223,0.00634765625,0.004150390625,0.0003070153081488,0.0002513228309362
106,107,35.796,0.7094098497827735,1065.7389375007258,0.3272111224829851,0.4083978817347803,86.02398650325581,1,0.0023719368468097,107.3891262563841,143.55466907942628,257.1519000659173,273.2366036597039,0.010009765625,0.0107421875,0.0003998757485399,0.0002826251304111
107,108,85.71600000000001,0.4468550155335845,739.0190679051003,0.3193145128026957,0.3997885312095803,90.33132171151352,1,0.0018498451125979,257.1519000659173,273.2366036597039,225.94664551582363,186.8283324357208,0.0107421875,0.0048828125,0.0002826251304111,0.0005892122597995
108,109,75.316,0.3974696656279292,986.8464188188773,0.319567442241906,0.400065087762679,90.18838844648714,1,0.0015034581843667,225.94664551582363,186.8283324357208,280.2076861437017,250.9991922204387,0.0048828125,0.00634765625,0.0005892122597995,0.0002167986959144
109,110,93.404,0.1883548046411332,818.9809622200709,0.1544366320436652,0.20718898459285473,386.1668913730431,1,0.0018703669135453,280.2076861437017,250.9991922204387,206.50238343461132,135.25390999205828,0.00634765625,0.0078125,0.0002167986959144,0.0003095516055663
109,118,93.404,0.3591580843711379,659.6144932431156,0.2511089916232294,0.32320747681388384,146.06667790311056,1,0.0023040016401522,280.2076861437017,250.9991922204387,167.57707967989867,151.61331395412606,0.00634765625,0.0048828125,0.0002167986959144,0.0002513959171341
110,111,68.836,0.5389266056590752,927.1294805342316,0.3873465840697118,0.472328243794932,61.3869730718534,1,0.0017289472089504,206.50238343461132,135.25390999205828,261.7351337088978,217.51361108623928,0.0078125,0.0146484375,0.0003095516055663,0.000403585983897
111,112,87.24400000000001,0.4007815988374201,769.7750491531119,0.2994897232676163,0.37794522461467595,102.68614048059541,1,0.182060030059777,261.7351337088978,217.51361108623928,214.122144388378,171.72062281824034,0.0146484375,0.053955078125,0.000403585983897,0.0024543475992497
112,113,53.292,0.263726767283545,84.9270206339156,0.0149912491384226,0.02146728910599406,40982.64994901094,0,1.0,214.122144388378,171.72062281824034,166.76387893693254,53.29001241583831,0.053955078125,0.19482421875,0.0024543475992497,1.0
113,114,55.588,0.1473768174949001,194.8554309131878,0.0199981922011887,0.02856659523138734,23030.014104989707,0,0.002027389564681,166.76387893693254,53.29001241583831,329.5438544800401,83.2748761121704,0.19482421875,0.0146484375,1.0,0.0002094495203727
113,119,55.588,0.6956326790237676,209.2951288628474,0.1013401990632351,0.13926017979250407,896.8342260039288,1,0.0039622045956234,166.76387893693254,53.29001241583831,105.65085342271507,109.37847712319366,0.19482421875,0.011474609375,1.0,0.0008858540618217
114,115,20.0,0.0784165866921848,770.607795430347,0.0150925536526091,0.02161127480762583,40434.32739365973,0,0.005209088216326,329.5438544800401,83.2748761121704,261.08557394893734,15.883335666622528,0.0146484375,0.010498046875,0.0002094495203727,0.0001304511849251
116,121,25.636000000000003,0.5263050998806325,67.8127824032799,0.0114967403890177,0.016491670729436834,69682.9023223118,0,0.0347696559936264,224.5852445908724,116.56155754560652,12.059912611809882,25.636631187774977,0.0537109375,0.1962890625,0.0002781170050685,1.0
117,125,81.328,0.5552341326844374,1467.7285483443197,0.5538438658439014,0.6358415453869476,30.026241965622336,1,0.0012348982242063,243.98249565372367,203.93409450160223,256.1137353361652,293.580656754266,0.004150390625,0.099365234375,0.0002513228309362,0.0003567775147216
118,129,55.86000000000001,0.5510933055147047,1071.423721502121,0.3764900448528123,0.4609941760116328,64.97835101686175,1,0.0015123554707263,167.57707967989867,151.61331395412606,157.32853932675744,110.86497459412548,0.0048828125,0.00634765625,0.0002513959171341,0.0004056175266572
119,133,35.216,0.7206436827779421,1058.1599416093036,0.3252609995242717,0.4062765148746086,87.05860332634253,1,0.0342375913251435,105.65085342271507,109.37847712319366,197.72623637778423,131.5386493952288,0.011474609375,0.01513671875,0.0008858540618217,0.0010278335848709
120,121,25.636000000000003,0.5187406122792524,221.4805060836274,0.036980887800588,0.05238930463387238,6734.742788330846,0,0.1837916887539804,211.3695154079866,154.8663474079658,12.059912611809882,25.636631187774977,0.03173828125,0.1962890625,0.0020823789853769,1.0
121,122,20.0,0.8630015010855481,456.4756493337804,0.0987906687756049,0.1359165638260772,943.7214561125593,1,0.0337549186177853,12.059912611809882,25.636631187774977,350.8323345542221,351.0851388363833,0.1962890625,0.009521484375,1.0,0.0003402251319096
122,123,25.792,0.1592138954210857,1017.9874750678417,0.0515833841284007,0.0725632514952407,3461.433709395081,0,0.0026166547053014,350.8323345542221,351.0851388363833,251.89611118145683,25.79254513818654,0.009521484375,0.00634765625,0.0003402251319096,0.0003853849764296
123,124,83.96400000000001,0.4671419953459618,838.2505900882998,0.3613675763706822,0.4450566546513987,70.53055707088474,1,0.0016325654164816,251.89611118145683,25.79254513818654,287.3446054312566,169.74399419324294,0.00634765625,0.016357421875,0.0003853849764296,0.0002237805585994
123,136,83.96400000000001,0.5701349716770219,1396.8727154015291,0.5674590602726926,0.6484277624449337,28.60267233658359,1,0.001485889328098,251.89611118145683,25.79254513818654,239.1780948054852,401.1386115465579,0.00634765625,0.0068359375,0.0003853849764296,0.0004120471903677
124,125,95.78,0.541686662795929,919.5485803307404,0.4844087345584821,0.5698883952798013,39.25109248630283,1,0.0013045026997958,287.3446054312566,169.74399419324294,256.1137353361652,293.580656754266,0.016357421875,0.099365234375,0.0002237805585994,0.0003567775147216
125,126,85.37200000000001,0.4449977009912732,1228.8956904074325,0.4308964286718447,0.5169192505068497,49.605506776681565,1,0.0013260320728442,256.1137353361652,293.580656754266,261.52407969814783,345.34341921236944,0.099365234375,0.005126953125,0.0003567775147216,0.0003062269426972
126,127,87.176,0.5545511646297137,891.28449606665,0.4594350475715566,0.5454100048575895,43.63424203450564,1,0.0012091273439694,261.52407969814783,345.34341921236944,244.7225215192263,197.8942652680831,0.005126953125,0.059814453125,0.0003062269426972,0.0005224868897819
127,128,59.86000000000001,0.19419312479215,1209.2674938782304,0.1532731332439465,0.20573423138609315,392.0519417362286,1,0.0035486859129193,244.7225215192263,197.8942652680831,171.63377144418726,59.86174121499344,0.059814453125,0.00732421875,0.0005224868897819,0.0002517703243382
127,137,21.648,0.1325287894602767,782.5337087891207,0.0279998563955277,0.0398400629972828,11748.003631916063,0,0.0014332831729707,244.7225215192263,197.8942652680831,324.11717701652174,21.647274368216856,0.059814453125,0.006591796875,0.0005224868897819,0.0002759866428965
128,129,57.212,0.5392949068529135,1009.3882869534374,0.357906783103154,0.4413844455836162,71.90114749011227,1,0.0013895028402943,171.63377144418726,59.86174121499344,157.32853932675744,110.86497459412548,0.00732421875,0.00634765625,0.0002517703243382,0.0004056175266572
129,130,52.444,0.6847867720636145,892.2472465238776,0.3798603364964882,0.4645222510319715,63.83043186310583,1,0.0050872187583403,157.32853932675744,110.86497459412548,262.3029238192404,172.14429205052022,0.00634765625,0.02685546875,0.0004056175266572,0.0002691078162846
130,131,44.65200000000001,0.2012069835231454,840.4947884499021,0.0914131276059156,0.12619730178090982,1102.1952720602778,0,1.0,262.3029238192404,172.14429205052022,65.7051793611136,44.6539039981345,0.02685546875,0.064697265625,0.0002691078162846,0.0089881411369891
131,132,21.9,0.8877718024678101,567.1591766388246,0.1380052011191785,0.1865071513278857,483.5983065125126,1,0.0178478791328735,65.7051793611136,44.6539039981345,272.2064277561027,245.04765282120957,0.064697265625,0.0126953125,0.0089881411369891,9.341176689034874e-05
131,138,21.9,0.7291378066745196,815.3403208207017,0.1622377970749851,0.21690527834831577,349.9222825901409,1,0.0199259026881223,65.7051793611136,44.6539039981345,435.2877989012107,100.33804990899836,0.064697265625,0.0078125,0.0089881411369891,0.0002439417128075
132,133,90.736,0.3878250975609659,1034.476221864388,0.358516351098372,0.4420319299371947,71.65685526556348,1,0.0017963453081611,272.2064277561027,245.04765282120957,197.72623637778423,131.5386493952288,0.0126953125,0.01513671875,9.341176689034874e-05,0.0010278335848709
133,134,65.908,0.6020323251063693,1811.1091169546849,0.6005244253307028,0.678544693774836,25.539613898512894,1,0.0024240440017395,197.72623637778423,131.5386493952288,290.9048655026001,143.06625345520638,0.01513671875,0.00537109375,0.0010278335848709,0.0002575551317903
134,135,96.96800000000002,0.2137018563122781,579.0648849681069,0.1385855015500319,0.1872426340573619,479.55683384339346,1,0.002435646759675,290.9048655026001,143.06625345520638,135.5890649440373,130.19484685804233,0.00537109375,0.02001953125,0.0002575551317903,0.0005173861703574
135,139,23.944000000000003,0.1440883339204787,1679.0448888819176,0.0697370386641696,0.09725619883220468,1893.863513666312,0,0.001722792615911,135.5890649440373,130.19484685804233,275.2058389017941,23.94405581596602,0.02001953125,0.01953125,0.0005173861703574,0.0003898954542339
136,143,49.672,0.2092281262756528,1207.16116426396,0.1431538696524149,0.1930196048157131,449.4376963187898,1,0.0017291432171892,239.1780948054852,401.1386115465579,283.2018582026439,49.6714083278239,0.0068359375,0.007568359375,0.0004120471903677,0.0003220696455264
137,147,101.07200000000002,0.2030564400437039,1202.6465951645923,0.2028660714854575,0.26647602010341254,223.79833014080404,1,0.0020278489926822,324.11717701652174,21.647274368216856,299.5763933069801,101.0707112143165,0.006591796875,0.01220703125,0.0002759866428965,0.0014981215211239
138,151,145.09600000000003,0.2158095827717121,758.0435217837545,0.2119814519994957,0.27736762016968924,204.96511701971718,1,0.0012223499605946,435.2877989012107,100.33804990899836,306.16893908274574,261.4150545398785,0.0078125,0.011962890625,0.0002439417128075,0.0001697959175829
139,155,91.736,0.3413988827848523,1339.5108220907891,0.3412778958282617,0.42360817639061965,79.07867049288237,1,0.0045307796337497,275.2058389017941,23.94405581596602,357.131588494145,319.10179118936,0.01953125,0.02490234375,0.0003898954542339,0.0001815380893289
140,141,80.86000000000001,0.1848670642999742,866.3784637894026,0.1425244678950392,0.19222506185476596,453.4159813925834,1,0.0014080333523515,252.09358415696207,344.46217691043483,77.41529013440157,80.8616608626818,0.009033203125,0.006591796875,0.0004518807249674,0.0002028905927501
141,142,25.804,0.8328566420150196,930.6624554962196,0.2475410950638608,0.31908733994596955,150.30764291896185,1,0.0012330368071314,77.41529013440157,80.8616608626818,200.3798547724277,141.18619703388308,0.006591796875,0.015869140625,0.0002028905927501,0.0002523172051474
142,143,49.672,0.2284532450692149,1232.0860264824928,0.158880789781606,0.2127321687289335,364.8655836922986,1,0.0013817316313719,200.3798547724277,141.18619703388308,283.2018582026439,49.6714083278239,0.015869140625,0.007568359375,0.0002523172051474,0.0003220696455264
143,144,94.4,0.292962558087746,868.4728786913154,0.2511925917976386,0.32330387571150787,145.96946828687678,1,0.001954003615773,283.2018582026439,49.6714083278239,325.76079555536273,456.2351662982256,0.007568359375,0.0087890625,0.0003220696455264,0.0002389614294047
144,145,108.588,0.3390307013439682,1149.1456647365403,0.3390294458133108,0.4211876864738321,80.13105128951106,1,0.0057390740283744,325.76079555536273,456.2351662982256,276.40215943702896,142.5434375157217,0.0087890625,0.01806640625,0.0002389614294047,0.0014243337564165
145,146,92.136,0.0462925053051043,81.562518485556,0.0043651064941229,0.006283812692239168,483377.01223465474,0,1.0,276.40215943702896,142.5434375157217,,,0.01806640625,0.51171875,0.0014243337564165,1.0
146,147,101.07200000000002,0.2217442237550495,122.2008775994805,0.0342785384446603,0.04862476584431422,7838.466151776085,0,1.0,,,299.5763933069801,101.0707112143165,0.51171875,0.01220703125,1.0,0.0014981215211239
147,148,99.86,0.1190803164442925,780.7530299783684,0.0988792788287485,0.1360329027553617,942.0307937177902,1,0.0025301829085459,299.5763933069801,101.0707112143165,183.57244271330893,143.87790787329544,0.01220703125,0.001708984375,0.0014981215211239,0.0003295352176467
148,149,61.19200000000001,0.3905470615336055,598.2069689195356,0.1733819423178395,0.2306726950348503,306.3853196193607,1,0.0018622615295401,183.57244271330893,143.87790787329544,385.26704880005616,478.7898851718159,0.001708984375,0.003662109375,0.0003295352176467,0.0001671505672716
149,150,128.424,0.3851979317907392,882.4270423438791,0.3810596277674891,0.4657756098402471,63.429283008468786,1,0.0031514944908495,385.26704880005616,478.7898851718159,242.9432024733057,411.87674071005176,0.003662109375,0.010498046875,0.0001671505672716,0.0002834744521873
150,151,80.98,0.4661635881069327,1027.11522897398,0.4032472792272197,0.48876926204405213,56.641244689280526,1,0.0024091630623885,242.9432024733057,411.87674071005176,306.16893908274574,261.4150545398785,0.010498046875,0.011962890625,0.0002834744521873,0.0001697959175829
151,152,102.056,0.2296233143629505,832.1415528216257,0.2011161496089572,0.26437566841451327,227.70983490199532,1,0.001238396731695,306.16893908274574,261.4150545398785,360.2561513621127,135.90025410916655,0.011962890625,0.00732421875,0.0001697959175829,0.0005784485270674
152,153,120.08400000000002,0.3953755952178123,831.3197443462283,0.3757598904936119,0.460228700402542,65.23112052662054,1,0.0008734675058419,360.2561513621127,135.90025410916655,208.98558667476004,204.48431410672904,0.00732421875,0.07666015625,0.0005784485270674,0.0004546792914334
153,154,69.66000000000001,0.4646098053818437,953.202319698544,0.3442289402153876,0.4267788693557482,77.72861341059995,1,0.0034355316719766,208.98558667476004,204.48431410672904,242.8981038913706,119.40443983746228,0.07666015625,0.003662109375,0.0004546792914334,0.0004306179270608
154,155,80.968,0.2924897243684721,1520.8105598703307,0.2924095729604579,0.3700633418900323,107.71904810234412,1,0.0013342596906972,242.8981038913706,119.40443983746228,357.131588494145,319.10179118936,0.003662109375,0.02490234375,0.0004306179270608,0.0001815380893289
