victim,probe,tau_us,contrast,zeta_hz,gamma,bits,nstar,detected
13,14,112.5,0.552,1004.5,0.5454,0.6280,31,1
27,28,114.8,0.567,827.5,0.5271,0.6108,33,1
101,116,125.1,0.471,910.8,0.4663,0.5521,42,1
149,148,109.8,0.456,1117.8,0.4557,0.5417,44,1
81,82,119.2,0.447,884.5,0.4337,0.5197,49,1
47,57,103.7,0.436,1096.2,0.4313,0.5173,50,1
75,74,121.9,0.416,959.2,0.4136,0.4994,54,1
25,26,116.8,0.417,842.2,0.3936,0.4788,59,1
41,36,108.4,0.373,925.0,0.3549,0.4382,73,1
143,144,121.7,0.390,727.2,0.3496,0.4325,75,1
150,151,120.2,0.362,792.5,0.3372,0.4193,81,1
33,39,109.2,0.352,903.0,0.3330,0.4147,83,1
71,70,126.0,0.315,947.5,0.3138,0.3938,94,1
79,93,109.4,0.274,1126.0,0.2736,0.3490,123,1
49,38,110.1,0.222,991.5,0.2177,0.2841,194,1
111,112,112.6,0.234,405.8,0.1271,0.1726,570,1
16,3,135.4,0.320,218.2,0.1160,0.1584,684,1
115,99,121.3,0.144,551.8,0.1077,0.1475,794,1
11,18,110.1,0.174,225.5,0.0533,0.0749,3242,0
0,1,136.5,0.235,22.8,0.0092,0.0132,108685,0
