arm,length,sample,survival
bare,1,0,0.996826171875
framed,1,0,0.994140625
bare,1,1,0.996826171875
framed,1,1,0.99560546875
bare,1,2,0.997314453125
framed,1,2,0.996337890625
bare,1,3,0.995361328125
framed,1,3,0.99755859375
bare,1,4,0.99658203125
framed,1,4,0.995361328125
bare,1,5,0.996826171875
framed,1,5,0.994384765625
bare,1,6,0.997314453125
framed,1,6,0.995361328125
bare,1,7,0.996337890625
framed,1,7,0.99560546875
bare,1,8,0.9970703125
framed,1,8,0.99365234375
bare,1,9,0.99560546875
framed,1,9,0.9990234375
bare,1,10,0.9970703125
framed,1,10,0.99755859375
bare,1,11,0.997802734375
framed,1,11,0.998291015625
bare,1,12,0.995849609375
framed,1,12,0.997314453125
bare,1,13,0.996337890625
framed,1,13,0.997314453125
bare,1,14,0.995849609375
framed,1,14,0.99462890625
bare,1,15,0.99658203125
framed,1,15,0.995849609375
bare,1,16,0.996826171875
framed,1,16,0.995849609375
bare,1,17,0.997802734375
framed,1,17,0.996337890625
bare,1,18,0.997314453125
framed,1,18,0.99755859375
bare,1,19,0.995849609375
framed,1,19,0.996337890625
bare,1,20,0.99658203125
framed,1,20,0.99853515625
bare,2,0,0.9970703125
framed,2,0,0.9970703125
bare,2,1,0.99609375
framed,2,1,0.995361328125
bare,2,2,0.99560546875
framed,2,2,0.995361328125
bare,2,3,0.994873046875
framed,2,3,0.99658203125
bare,2,4,0.995361328125
framed,2,4,0.995849609375
bare,2,5,0.995361328125
framed,2,5,0.9970703125
bare,2,6,0.996826171875
framed,2,6,0.998046875
bare,2,7,0.99560546875
framed,2,7,0.996337890625
bare,2,8,0.99609375
framed,2,8,0.997314453125
bare,2,9,0.997314453125
framed,2,9,0.9951171875
bare,2,10,0.996826171875
framed,2,10,0.99462890625
bare,2,11,0.996337890625
framed,2,11,0.994873046875
bare,2,12,0.996337890625
framed,2,12,0.998291015625
bare,2,13,0.997314453125
framed,2,13,0.994873046875
bare,2,14,0.9931640625
framed,2,14,0.995361328125
bare,2,15,0.99658203125
framed,2,15,0.99658203125
bare,2,16,0.996826171875
framed,2,16,0.99462890625
bare,2,17,0.996826171875
framed,2,17,0.99560546875
bare,2,18,0.99609375
framed,2,18,0.998046875
bare,2,19,0.99755859375
framed,2,19,0.998291015625
bare,2,20,0.995361328125
framed,2,20,0.996337890625
bare,4,0,0.997802734375
framed,4,0,0.993408203125
bare,4,1,0.996826171875
framed,4,1,0.994873046875
bare,4,2,0.99658203125
framed,4,2,0.99609375
bare,4,3,0.995849609375
framed,4,3,0.994384765625
bare,4,4,0.99609375
framed,4,4,0.99365234375
bare,4,5,0.994140625
framed,4,5,0.994384765625
bare,4,6,0.996826171875
framed,4,6,0.99462890625
bare,4,7,0.994873046875
framed,4,7,0.994873046875
bare,4,8,0.99755859375
framed,4,8,0.99658203125
bare,4,9,0.99365234375
framed,4,9,0.99609375
bare,4,10,0.99462890625
framed,4,10,0.99462890625
bare,4,11,0.9951171875
framed,4,11,0.993408203125
bare,4,12,0.9951171875
framed,4,12,0.995361328125
bare,4,13,0.995361328125
framed,4,13,0.995849609375
bare,4,14,0.995849609375
framed,4,14,0.99560546875
bare,4,15,0.995849609375
framed,4,15,0.995849609375
bare,4,16,0.995849609375
framed,4,16,0.99609375
bare,4,17,0.99609375
framed,4,17,0.996337890625
bare,4,18,0.996337890625
framed,4,18,0.994140625
bare,4,19,0.995849609375
framed,4,19,0.992431640625
bare,4,20,0.99560546875
framed,4,20,0.994873046875
bare,8,0,0.9931640625
framed,8,0,0.994384765625
bare,8,1,0.99658203125
framed,8,1,0.994384765625
bare,8,2,0.9921875
framed,8,2,0.992431640625
bare,8,3,0.9951171875
framed,8,3,0.994140625
bare,8,4,0.995361328125
framed,8,4,0.98974609375
bare,8,5,0.9931640625
framed,8,5,0.993408203125
bare,8,6,0.99462890625
framed,8,6,0.98974609375
bare,8,7,0.99462890625
framed,8,7,0.99560546875
bare,8,8,0.993896484375
framed,8,8,0.990478515625
bare,8,9,0.991943359375
framed,8,9,0.994140625
bare,8,10,0.9921875
framed,8,10,0.992431640625
bare,8,11,0.994140625
framed,8,11,0.99267578125
bare,8,12,0.99169921875
framed,8,12,0.993408203125
bare,8,13,0.994384765625
framed,8,13,0.99169921875
bare,8,14,0.99560546875
framed,8,14,0.989990234375
bare,8,15,0.993408203125
framed,8,15,0.991943359375
bare,8,16,0.9951171875
framed,8,16,0.994873046875
bare,8,17,0.99365234375
framed,8,17,0.99462890625
bare,8,18,0.996337890625
framed,8,18,0.991455078125
bare,8,19,0.997314453125
framed,8,19,0.990478515625
bare,8,20,0.991943359375
framed,8,20,0.990966796875
bare,16,0,0.9931640625
framed,16,0,0.989501953125
bare,16,1,0.9931640625
framed,16,1,0.98974609375
bare,16,2,0.992431640625
framed,16,2,0.98779296875
bare,16,3,0.99267578125
framed,16,3,0.9892578125
bare,16,4,0.991455078125
framed,16,4,0.989990234375
bare,16,5,0.993408203125
framed,16,5,0.990478515625
bare,16,6,0.994873046875
framed,16,6,0.990234375
bare,16,7,0.993408203125
framed,16,7,0.991943359375
bare,16,8,0.995361328125
framed,16,8,0.990478515625
bare,16,9,0.9931640625
framed,16,9,0.99267578125
bare,16,10,0.99609375
framed,16,10,0.984619140625
bare,16,11,0.993408203125
framed,16,11,0.98779296875
bare,16,12,0.991455078125
framed,16,12,0.98974609375
bare,16,13,0.989501953125
framed,16,13,0.99072265625
bare,16,14,0.992919921875
framed,16,14,0.988037109375
bare,16,15,0.99072265625
framed,16,15,0.98876953125
bare,16,16,0.996337890625
framed,16,16,0.982177734375
bare,16,17,0.991455078125
framed,16,17,0.987060546875
bare,16,18,0.992431640625
framed,16,18,0.98974609375
bare,16,19,0.993408203125
framed,16,19,0.989013671875
bare,16,20,0.99169921875
framed,16,20,0.98876953125
bare,32,0,0.991943359375
framed,32,0,0.988037109375
bare,32,1,0.989013671875
framed,32,1,0.97314453125
bare,32,2,0.98779296875
framed,32,2,0.984375
bare,32,3,0.990234375
framed,32,3,0.980224609375
bare,32,4,0.988525390625
framed,32,4,0.98046875
bare,32,5,0.98876953125
framed,32,5,0.975830078125
bare,32,6,0.98974609375
framed,32,6,0.982421875
bare,32,7,0.9921875
framed,32,7,0.979248046875
bare,32,8,0.99072265625
framed,32,8,0.9814453125
bare,32,9,0.98779296875
framed,32,9,0.979736328125
bare,32,10,0.989501953125
framed,32,10,0.983642578125
bare,32,11,0.9873046875
framed,32,11,0.983642578125
bare,32,12,0.989990234375
framed,32,12,0.97900390625
bare,32,13,0.99365234375
framed,32,13,0.981201171875
bare,32,14,0.988525390625
framed,32,14,0.98046875
bare,32,15,0.9931640625
framed,32,15,0.9873046875
bare,32,16,0.990478515625
framed,32,16,0.982421875
bare,32,17,0.988037109375
framed,32,17,0.988037109375
bare,32,18,0.989990234375
framed,32,18,0.9765625
bare,32,19,0.9892578125
framed,32,19,0.984619140625
bare,32,20,0.98779296875
framed,32,20,0.98486328125
bare,64,0,0.978515625
framed,64,0,0.9716796875
bare,64,1,0.984130859375
framed,64,1,0.97314453125
bare,64,2,0.981689453125
framed,64,2,0.964599609375
bare,64,3,0.9794921875
framed,64,3,0.9716796875
bare,64,4,0.982177734375
framed,64,4,0.969970703125
bare,64,5,0.982177734375
framed,64,5,0.970703125
bare,64,6,0.984375
framed,64,6,0.97412109375
bare,64,7,0.982421875
framed,64,7,0.9560546875
bare,64,8,0.987060546875
framed,64,8,0.931640625
bare,64,9,0.9794921875
framed,64,9,0.971923828125
bare,64,10,0.980712890625
framed,64,10,0.969482421875
bare,64,11,0.985107421875
framed,64,11,0.9541015625
bare,64,12,0.980712890625
framed,64,12,0.96826171875
bare,64,13,0.981689453125
framed,64,13,0.96337890625
bare,64,14,0.982666015625
framed,64,14,0.96484375
bare,64,15,0.982666015625
framed,64,15,0.966552734375
bare,64,16,0.982666015625
framed,64,16,0.965576171875
bare,64,17,0.9833984375
framed,64,17,0.971923828125
bare,64,18,0.98486328125
framed,64,18,0.972412109375
bare,64,19,0.974853515625
framed,64,19,0.969970703125
bare,64,20,0.9853515625
framed,64,20,0.9521484375
bare,128,0,0.974365234375
framed,128,0,0.948974609375
bare,128,1,0.970458984375
framed,128,1,0.92236328125
bare,128,2,0.96875
framed,128,2,0.955078125
bare,128,3,0.970703125
framed,128,3,0.948486328125
bare,128,4,0.97216796875
framed,128,4,0.939697265625
bare,128,5,0.970947265625
framed,128,5,0.94970703125
bare,128,6,0.96875
framed,128,6,0.947998046875
bare,128,7,0.971435546875
framed,128,7,0.951416015625
bare,128,8,0.965576171875
framed,128,8,0.935546875
bare,128,9,0.970947265625
framed,128,9,0.947998046875
bare,128,10,0.960205078125
framed,128,10,0.943603515625
bare,128,11,0.97314453125
framed,128,11,0.95361328125
bare,128,12,0.971923828125
framed,128,12,0.95068359375
bare,128,13,0.97509765625
framed,128,13,0.916748046875
bare,128,14,0.97412109375
framed,128,14,0.9482421875
bare,128,15,0.96728515625
framed,128,15,0.94580078125
bare,128,16,0.964599609375
framed,128,16,0.94970703125
bare,128,17,0.97216796875
framed,128,17,0.942626953125
bare,128,18,0.97607421875
framed,128,18,0.943603515625
bare,128,19,0.971435546875
framed,128,19,0.940185546875
bare,128,20,0.969482421875
framed,128,20,0.85546875
